{"data":{"dataCubeComponents":{"dimensions":[{"__typename":"NominalDimension","cubeIri":"https://environment.ld.admin.ch/foen/ubd000502/5","id":"https://environment.ld.admin.ch/foen/ubd000502___https://environment.ld.admin.ch/foen/ubd000502/sektorid","label":"Source of emission","scaleType":"Nominal","order":3,"isNumerical":false,"isKeyDimension":true,"values":[{"value":"https://environment.ld.admin.ch/vocabulary/ghg_emission_sectors_co2_ordinance/1","label":"Switzerland’s greenhouse gas emissions","identifier":"1"},{"value":"https://environment.ld.admin.ch/vocabulary/ghg_emission_sectors_co2_ordinance/11","label":"Buildings","identifier":"11"},{"value":"https://environment.ld.admin.ch/vocabulary/ghg_emission_sectors_co2_ordinance/111","label":"Households","identifier":"111"},{"value":"https://environment.ld.admin.ch/vocabulary/ghg_emission_sectors_co2_ordinance/112","label":"Services","identifier":"112"},{"value":"https://environment.ld.admin.ch/vocabulary/ghg_emission_sectors_co2_ordinance/12","label":"Transport","identifier":"12"},{"value":"https://environment.ld.admin.ch/vocabulary/ghg_emission_sectors_co2_ordinance/121","label":"National aviation","identifier":"121"},{"value":"https://environment.ld.admin.ch/vocabulary/ghg_emission_sectors_co2_ordinance/122","label":"Other transport","identifier":"122"},{"value":"https://environment.ld.admin.ch/vocabulary/ghg_emission_sectors_co2_ordinance/123","label":"Freight transport","identifier":"123"},{"value":"https://environment.ld.admin.ch/vocabulary/ghg_emission_sectors_co2_ordinance/124","label":"Passenger transport","identifier":"124"},{"value":"https://environment.ld.admin.ch/vocabulary/ghg_emission_sectors_co2_ordinance/13","label":"Industry","identifier":"13"},{"value":"https://environment.ld.admin.ch/vocabulary/ghg_emission_sectors_co2_ordinance/131","label":"Industry (without waste incineration)","identifier":"131"},{"value":"https://environment.ld.admin.ch/vocabulary/ghg_emission_sectors_co2_ordinance/132","label":"Waste incineration","identifier":"132"},{"value":"https://environment.ld.admin.ch/vocabulary/ghg_emission_sectors_co2_ordinance/14","label":"Other","identifier":"14"},{"value":"https://environment.ld.admin.ch/vocabulary/ghg_emission_sectors_co2_ordinance/141","label":"Agriculture","identifier":"141"},{"value":"https://environment.ld.admin.ch/vocabulary/ghg_emission_sectors_co2_ordinance/142","label":"Waste","identifier":"142"},{"value":"https://environment.ld.admin.ch/vocabulary/ghg_emission_sectors_co2_ordinance/1421","label":"Solid waste disposal","identifier":"1421"},{"value":"https://environment.ld.admin.ch/vocabulary/ghg_emission_sectors_co2_ordinance/1422","label":"Wastewater treatment and discharge","identifier":"1422"},{"value":"https://environment.ld.admin.ch/vocabulary/ghg_emission_sectors_co2_ordinance/1423","label":"Biological treatment of solid waste","identifier":"1423"},{"value":"https://environment.ld.admin.ch/vocabulary/ghg_emission_sectors_co2_ordinance/1424","label":"Incineration and open burning of waste","identifier":"1424"},{"value":"https://environment.ld.admin.ch/vocabulary/ghg_emission_sectors_co2_ordinance/143","label":"Synthetic gases","identifier":"143"},{"value":"https://environment.ld.admin.ch/vocabulary/ghg_emission_sectors_co2_ordinance/2","label":"International aviation (not included in total)","identifier":"2"},{"value":"https://environment.ld.admin.ch/vocabulary/ghg_emission_sectors_co2_ordinance/3","label":"Balance of land use (not included in total)","identifier":"3"},{"value":"https://environment.ld.admin.ch/vocabulary/ghg_emission_sectors_co2_ordinance/31","label":"Forest land","identifier":"31"},{"value":"https://environment.ld.admin.ch/vocabulary/ghg_emission_sectors_co2_ordinance/32","label":"Cropland","identifier":"32"},{"value":"https://environment.ld.admin.ch/vocabulary/ghg_emission_sectors_co2_ordinance/33","label":"Grassland","identifier":"33"},{"value":"https://environment.ld.admin.ch/vocabulary/ghg_emission_sectors_co2_ordinance/34","label":"Wetlands","identifier":"34"},{"value":"https://environment.ld.admin.ch/vocabulary/ghg_emission_sectors_co2_ordinance/35","label":"Settlements","identifier":"35"},{"value":"https://environment.ld.admin.ch/vocabulary/ghg_emission_sectors_co2_ordinance/36","label":"Other land","identifier":"36"},{"value":"https://environment.ld.admin.ch/vocabulary/ghg_emission_sectors_co2_ordinance/37","label":"Harvested wood products","identifier":"37"},{"value":"https://environment.ld.admin.ch/vocabulary/ghg_emission_sectors_co2_ordinance/38","label":"Indirect N2O emissions","identifier":"38"}],"related":[],"hierarchy":[{"label":"Switzerland’s greenhouse gas emissions","value":"https://environment.ld.admin.ch/vocabulary/ghg_emission_sectors_co2_ordinance/1","children":[{"label":"Buildings","value":"https://environment.ld.admin.ch/vocabulary/ghg_emission_sectors_co2_ordinance/11","children":[{"label":"Households","value":"https://environment.ld.admin.ch/vocabulary/ghg_emission_sectors_co2_ordinance/111","children":[],"identifier":"111","depth":2,"dimensionId":"https://environment.ld.admin.ch/foen/ubd000502/sektorid","hasValue":true},{"label":"Services","value":"https://environment.ld.admin.ch/vocabulary/ghg_emission_sectors_co2_ordinance/112","children":[],"identifier":"112","depth":2,"dimensionId":"https://environment.ld.admin.ch/foen/ubd000502/sektorid","hasValue":true}],"identifier":"11","depth":1,"dimensionId":"https://environment.ld.admin.ch/foen/ubd000502/sektorid","hasValue":true},{"label":"Transport","value":"https://environment.ld.admin.ch/vocabulary/ghg_emission_sectors_co2_ordinance/12","children":[{"label":"National aviation","value":"https://environment.ld.admin.ch/vocabulary/ghg_emission_sectors_co2_ordinance/121","children":[],"identifier":"121","depth":2,"dimensionId":"https://environment.ld.admin.ch/foen/ubd000502/sektorid","hasValue":true},{"label":"Other transport","value":"https://environment.ld.admin.ch/vocabulary/ghg_emission_sectors_co2_ordinance/122","children":[],"identifier":"122","depth":2,"dimensionId":"https://environment.ld.admin.ch/foen/ubd000502/sektorid","hasValue":true},{"label":"Freight transport","value":"https://environment.ld.admin.ch/vocabulary/ghg_emission_sectors_co2_ordinance/123","children":[],"identifier":"123","depth":2,"dimensionId":"https://environment.ld.admin.ch/foen/ubd000502/sektorid","hasValue":true},{"label":"Passenger transport","value":"https://environment.ld.admin.ch/vocabulary/ghg_emission_sectors_co2_ordinance/124","children":[],"identifier":"124","depth":2,"dimensionId":"https://environment.ld.admin.ch/foen/ubd000502/sektorid","hasValue":true}],"identifier":"12","depth":1,"dimensionId":"https://environment.ld.admin.ch/foen/ubd000502/sektorid","hasValue":true},{"label":"Industry","value":"https://environment.ld.admin.ch/vocabulary/ghg_emission_sectors_co2_ordinance/13","children":[{"label":"Industry (without waste incineration)","value":"https://environment.ld.admin.ch/vocabulary/ghg_emission_sectors_co2_ordinance/131","children":[],"identifier":"131","depth":2,"dimensionId":"https://environment.ld.admin.ch/foen/ubd000502/sektorid","hasValue":true},{"label":"Waste incineration","value":"https://environment.ld.admin.ch/vocabulary/ghg_emission_sectors_co2_ordinance/132","children":[],"identifier":"132","depth":2,"dimensionId":"https://environment.ld.admin.ch/foen/ubd000502/sektorid","hasValue":true}],"identifier":"13","depth":1,"dimensionId":"https://environment.ld.admin.ch/foen/ubd000502/sektorid","hasValue":true},{"label":"Other","value":"https://environment.ld.admin.ch/vocabulary/ghg_emission_sectors_co2_ordinance/14","children":[{"label":"Agriculture","value":"https://environment.ld.admin.ch/vocabulary/ghg_emission_sectors_co2_ordinance/141","children":[],"identifier":"141","depth":2,"dimensionId":"https://environment.ld.admin.ch/foen/ubd000502/sektorid","hasValue":true},{"label":"Waste","value":"https://environment.ld.admin.ch/vocabulary/ghg_emission_sectors_co2_ordinance/142","children":[{"label":"Solid waste disposal","value":"https://environment.ld.admin.ch/vocabulary/ghg_emission_sectors_co2_ordinance/1421","children":[],"identifier":"1421","depth":3,"dimensionId":"https://environment.ld.admin.ch/foen/ubd000502/sektorid","hasValue":true},{"label":"Wastewater treatment and discharge","value":"https://environment.ld.admin.ch/vocabulary/ghg_emission_sectors_co2_ordinance/1422","children":[],"identifier":"1422","depth":3,"dimensionId":"https://environment.ld.admin.ch/foen/ubd000502/sektorid","hasValue":true},{"label":"Biological treatment of solid waste","value":"https://environment.ld.admin.ch/vocabulary/ghg_emission_sectors_co2_ordinance/1423","children":[],"identifier":"1423","depth":3,"dimensionId":"https://environment.ld.admin.ch/foen/ubd000502/sektorid","hasValue":true},{"label":"Incineration and open burning of waste","value":"https://environment.ld.admin.ch/vocabulary/ghg_emission_sectors_co2_ordinance/1424","children":[],"identifier":"1424","depth":3,"dimensionId":"https://environment.ld.admin.ch/foen/ubd000502/sektorid","hasValue":true}],"identifier":"142","depth":2,"dimensionId":"https://environment.ld.admin.ch/foen/ubd000502/sektorid","hasValue":true},{"label":"Synthetic gases","value":"https://environment.ld.admin.ch/vocabulary/ghg_emission_sectors_co2_ordinance/143","children":[],"identifier":"143","depth":2,"dimensionId":"https://environment.ld.admin.ch/foen/ubd000502/sektorid","hasValue":true}],"identifier":"14","depth":1,"dimensionId":"https://environment.ld.admin.ch/foen/ubd000502/sektorid","hasValue":true}],"identifier":"1","depth":0,"dimensionId":"https://environment.ld.admin.ch/foen/ubd000502/sektorid","hasValue":true,"hierarchyName":"Hierarchy GHG emission sectors according to the CO2 Ordinance (on BAFU Helpers)"},{"label":"International aviation (not included in total)","value":"https://environment.ld.admin.ch/vocabulary/ghg_emission_sectors_co2_ordinance/2","children":[],"identifier":"2","depth":0,"dimensionId":"https://environment.ld.admin.ch/foen/ubd000502/sektorid","hasValue":true},{"label":"Balance of land use (not included in total)","value":"https://environment.ld.admin.ch/vocabulary/ghg_emission_sectors_co2_ordinance/3","children":[{"label":"Forest land","value":"https://environment.ld.admin.ch/vocabulary/ghg_emission_sectors_co2_ordinance/31","children":[],"identifier":"31","depth":1,"dimensionId":"https://environment.ld.admin.ch/foen/ubd000502/sektorid","hasValue":true},{"label":"Cropland","value":"https://environment.ld.admin.ch/vocabulary/ghg_emission_sectors_co2_ordinance/32","children":[],"identifier":"32","depth":1,"dimensionId":"https://environment.ld.admin.ch/foen/ubd000502/sektorid","hasValue":true},{"label":"Grassland","value":"https://environment.ld.admin.ch/vocabulary/ghg_emission_sectors_co2_ordinance/33","children":[],"identifier":"33","depth":1,"dimensionId":"https://environment.ld.admin.ch/foen/ubd000502/sektorid","hasValue":true},{"label":"Wetlands","value":"https://environment.ld.admin.ch/vocabulary/ghg_emission_sectors_co2_ordinance/34","children":[],"identifier":"34","depth":1,"dimensionId":"https://environment.ld.admin.ch/foen/ubd000502/sektorid","hasValue":true},{"label":"Settlements","value":"https://environment.ld.admin.ch/vocabulary/ghg_emission_sectors_co2_ordinance/35","children":[],"identifier":"35","depth":1,"dimensionId":"https://environment.ld.admin.ch/foen/ubd000502/sektorid","hasValue":true},{"label":"Other land","value":"https://environment.ld.admin.ch/vocabulary/ghg_emission_sectors_co2_ordinance/36","children":[],"identifier":"36","depth":1,"dimensionId":"https://environment.ld.admin.ch/foen/ubd000502/sektorid","hasValue":true},{"label":"Harvested wood products","value":"https://environment.ld.admin.ch/vocabulary/ghg_emission_sectors_co2_ordinance/37","children":[],"identifier":"37","depth":1,"dimensionId":"https://environment.ld.admin.ch/foen/ubd000502/sektorid","hasValue":true},{"label":"Indirect N2O emissions","value":"https://environment.ld.admin.ch/vocabulary/ghg_emission_sectors_co2_ordinance/38","children":[],"identifier":"38","depth":1,"dimensionId":"https://environment.ld.admin.ch/foen/ubd000502/sektorid","hasValue":true}],"identifier":"3","depth":0,"dimensionId":"https://environment.ld.admin.ch/foen/ubd000502/sektorid","hasValue":true}]}],"measures":[]}}}
