{"query":"query PossibleFilters($sourceType: String!, $sourceUrl: String!, $cubeFilter: DataCubePossibleFiltersCubeFilter!) {\n  possibleFilters(\n    sourceType: $sourceType\n    sourceUrl: $sourceUrl\n    cubeFilter: $cubeFilter\n  ) {\n    iri\n    type\n    value\n    __typename\n  }\n}\n","operationName":"PossibleFilters","variables":{"sourceType":"sparql","sourceUrl":"https://lindas-cached.cluster.ldbar.ch/query","cubeFilter":{"iri":"https://environment.ld.admin.ch/foen/ubd000502/5","filters":{"https://environment.ld.admin.ch/foen/ubd000502___https://environment.ld.admin.ch/foen/ubd000502/sektorid":{"type":"single","value":"https://environment.ld.admin.ch/vocabulary/ghg_emission_sectors_co2_ordinance/1"}}},"filterKey":"https://environment.ld.admin.ch/foen/ubd000502___https://environment.ld.admin.ch/foen/ubd000502/sektorid"}}