{"data":{"dataCubeComponents":{"dimensions":[{"__typename":"NominalDimension","cubeIri":"https://environment.ld.admin.ch/foen/ubd000502/5","id":"https://environment.ld.admin.ch/foen/ubd000502___https://environment.ld.admin.ch/foen/ubd000502/gas","label":"Greenhouse gas","scaleType":"Nominal","order":4,"isNumerical":false,"isKeyDimension":true,"values":[{"value":"https://ld.admin.ch/cube/dimension/pol01air/pol11","label":"Methane","alternateName":"CH4","identifier":"CH4"},{"value":"https://ld.admin.ch/cube/dimension/pol01air/pol12","label":"Nitrous oxide","alternateName":"N2O","identifier":"N2O"},{"value":"https://ld.admin.ch/cube/dimension/pol01air/pol14","label":"Sulphur hexafluoride","alternateName":"SF6","identifier":"SF6"},{"value":"https://ld.admin.ch/cube/dimension/pol01air/pol15","label":"Nitrogen trifluoride","alternateName":"NF3","identifier":"NF3"},{"value":"https://ld.admin.ch/cube/dimension/pol01air/pol16","label":"Perfluorocarbons","alternateName":"PFC","identifier":"PFC"},{"value":"https://ld.admin.ch/cube/dimension/pol01air/pol20","label":"Hydrofluorocarbons","alternateName":"HFC","identifier":"HFC"},{"value":"https://ld.admin.ch/cube/dimension/pol01air/pol9","label":"Carbon dioxide","alternateName":"CO2","identifier":"CO2"},{"value":"https://ld.admin.ch/cube/dimension/testdimension/polgroup2","label":"Synthetic gases","identifier":"SyntGases"},{"value":"https://ld.admin.ch/cube/dimension/testdimension/test1","label":"All greenhouse gas","identifier":"GHG"}],"related":[],"hierarchy":[{"label":"All greenhouse gas","value":"https://ld.admin.ch/cube/dimension/testdimension/test1","children":[{"label":"Methane","alternateName":"CH4","value":"https://ld.admin.ch/cube/dimension/pol01air/pol11","children":[],"identifier":"CH4","depth":1,"dimensionId":"https://environment.ld.admin.ch/foen/ubd000502/gas","hasValue":true},{"label":"Carbon dioxide","alternateName":"CO2","value":"https://ld.admin.ch/cube/dimension/pol01air/pol9","children":[],"identifier":"CO2","depth":1,"dimensionId":"https://environment.ld.admin.ch/foen/ubd000502/gas","hasValue":true},{"label":"Nitrous oxide","alternateName":"N2O","value":"https://ld.admin.ch/cube/dimension/pol01air/pol12","children":[],"identifier":"N2O","depth":1,"dimensionId":"https://environment.ld.admin.ch/foen/ubd000502/gas","hasValue":true},{"label":"Synthetic gases","value":"https://ld.admin.ch/cube/dimension/testdimension/polgroup2","children":[{"label":"Hydrofluorocarbons","alternateName":"HFC","value":"https://ld.admin.ch/cube/dimension/pol01air/pol20","children":[],"identifier":"HFC","depth":2,"dimensionId":"https://environment.ld.admin.ch/foen/ubd000502/gas","hasValue":true},{"label":"Nitrogen trifluoride","alternateName":"NF3","value":"https://ld.admin.ch/cube/dimension/pol01air/pol15","children":[],"identifier":"NF3","depth":2,"dimensionId":"https://environment.ld.admin.ch/foen/ubd000502/gas","hasValue":true},{"label":"Perfluorocarbons","alternateName":"PFC","value":"https://ld.admin.ch/cube/dimension/pol01air/pol16","children":[],"identifier":"PFC","depth":2,"dimensionId":"https://environment.ld.admin.ch/foen/ubd000502/gas","hasValue":true},{"label":"Sulphur hexafluoride","alternateName":"SF6","value":"https://ld.admin.ch/cube/dimension/pol01air/pol14","children":[],"identifier":"SF6","depth":2,"dimensionId":"https://environment.ld.admin.ch/foen/ubd000502/gas","hasValue":true}],"identifier":"SyntGases","depth":1,"dimensionId":"https://environment.ld.admin.ch/foen/ubd000502/gas","hasValue":true}],"identifier":"GHG","depth":0,"dimensionId":"https://environment.ld.admin.ch/foen/ubd000502/gas","hasValue":true,"hierarchyName":"Pollutant groups - pollutants"}]}],"measures":[]}}}
