{"data":{"possibleFilters":[{"iri":"https://environment.ld.admin.ch/foen/ubd000502___https://environment.ld.admin.ch/foen/ubd000502/sektorid","type":"single","value":"https://environment.ld.admin.ch/vocabulary/ghg_emission_sectors_co2_ordinance/1","__typename":"ObservationFilter"},{"iri":"https://environment.ld.admin.ch/foen/ubd000502___https://environment.ld.admin.ch/foen/ubd000502/gas","type":"single","value":"https://ld.admin.ch/cube/dimension/testdimension/test1","__typename":"ObservationFilter"}]}}
