{"data":{"dataCubeMetadata":{"iri":"https://environment.ld.admin.ch/foen/ubd000502/5","identifier":"ubd000502","title":"Greenhouse gas emissions by sector and by gas","description":"Evolution of Switzerland’s greenhouse gas emissions since 1990 in the sectors in accordance with the CO2 Ordinance and broken down by gas. The greenhouse gas emissions from international aviation and navigation as well as the greenhouse gas balance from land use (soil, vegetation) are shown separately.","version":"5","datePublished":"2024-04-15","dateModified":"2024-04-16T13:50:24.649Z","publicationStatus":"PUBLISHED","themes":[{"iri":"https://register.ld.admin.ch/opendataswiss/category/territory","label":"Territory and environment"}],"creator":{"iri":"https://register.ld.admin.ch/opendataswiss/org/bundesamt-fur-umwelt-bafu","label":"Federal Office for the Environment FOEN"},"versionHistory":"https://environment.ld.admin.ch/foen/ubd000502","contactPoint":{"email":"climate@bafu.admin.ch","name":"Abteilung Klima"},"publisher":"Bundesamt für Umwelt, Abteilung Klima","landingPage":"https://www.bafu.admin.ch/treibhausgasinventar","workExamples":["https://ld.admin.ch/application/visualize","genid-0011a072b2bb4af49809751e2e0c9a2d-10KN6ZXrBeUb7Djob373","genid-0011a072b2bb4af49809751e2e0c9a2d-10KN6ZXrBeUb7Djob374"]}}}
