{"query":"query DataCubeObservations($sourceType: String!, $sourceUrl: String!, $locale: String!, $cubeFilter: DataCubeObservationFilter!) {\n  dataCubeObservations(\n    sourceType: $sourceType\n    sourceUrl: $sourceUrl\n    locale: $locale\n    cubeFilter: $cubeFilter\n  )\n}\n","operationName":"DataCubeObservations","variables":{"locale":"en","sourceType":"sparql","sourceUrl":"https://lindas-cached.cluster.ldbar.ch/query","cubeFilter":{"iri":"https://environment.ld.admin.ch/foen/ubd000502/5","filters":{"https://environment.ld.admin.ch/foen/ubd000502___https://environment.ld.admin.ch/foen/ubd000502/sektorid":{"type":"single","value":"https://environment.ld.admin.ch/vocabulary/ghg_emission_sectors_co2_ordinance/1"},"https://environment.ld.admin.ch/foen/ubd000502___https://environment.ld.admin.ch/foen/ubd000502/gas":{"type":"multi","values":{"https://ld.admin.ch/cube/dimension/pol01air/pol11":true,"https://ld.admin.ch/cube/dimension/pol01air/pol9":true,"https://ld.admin.ch/cube/dimension/pol01air/pol12":true,"https://ld.admin.ch/cube/dimension/pol01air/pol20":true,"https://ld.admin.ch/cube/dimension/pol01air/pol15":true,"https://ld.admin.ch/cube/dimension/pol01air/pol16":true,"https://ld.admin.ch/cube/dimension/pol01air/pol14":true}}}}}}