{"data":{"dataCubeComponents":{"dimensions":[{"__typename":"TemporalDimension","timeFormat":"%Y","timeUnit":"Year","cubeIri":"https://environment.ld.admin.ch/foen/ubd000502/5","id":"https://environment.ld.admin.ch/foen/ubd000502___https://environment.ld.admin.ch/foen/ubd000502/jahr","label":"Year","scaleType":"Interval","dataType":"http://www.w3.org/2001/XMLSchema#gYear","order":1,"isNumerical":false,"isKeyDimension":true,"values":[{"value":"1990","label":"1990"},{"value":"1991","label":"1991"},{"value":"1992","label":"1992"},{"value":"1993","label":"1993"},{"value":"1994","label":"1994"},{"value":"1995","label":"1995"},{"value":"1996","label":"1996"},{"value":"1997","label":"1997"},{"value":"1998","label":"1998"},{"value":"1999","label":"1999"},{"value":"2000","label":"2000"},{"value":"2001","label":"2001"},{"value":"2002","label":"2002"},{"value":"2003","label":"2003"},{"value":"2004","label":"2004"},{"value":"2005","label":"2005"},{"value":"2006","label":"2006"},{"value":"2007","label":"2007"},{"value":"2008","label":"2008"},{"value":"2009","label":"2009"},{"value":"2010","label":"2010"},{"value":"2011","label":"2011"},{"value":"2012","label":"2012"},{"value":"2013","label":"2013"},{"value":"2014","label":"2014"},{"value":"2015","label":"2015"},{"value":"2016","label":"2016"},{"value":"2017","label":"2017"},{"value":"2018","label":"2018"},{"value":"2019","label":"2019"},{"value":"2020","label":"2020"},{"value":"2021","label":"2021"},{"value":"2022","label":"2022"}],"related":[],"hierarchy":null},{"__typename":"NominalDimension","cubeIri":"https://environment.ld.admin.ch/foen/ubd000502/5","id":"https://environment.ld.admin.ch/foen/ubd000502___https://environment.ld.admin.ch/foen/ubd000502/hierachie","label":"Hierarchy","scaleType":"Nominal","dataType":"http://www.w3.org/2001/XMLSchema#string","order":2,"isNumerical":false,"isKeyDimension":false,"values":[{"value":"1","label":"1"},{"value":"11","label":"11"},{"value":"111","label":"111"},{"value":"112","label":"112"},{"value":"12","label":"12"},{"value":"121","label":"121"},{"value":"122","label":"122"},{"value":"123","label":"123"},{"value":"124","label":"124"},{"value":"13","label":"13"},{"value":"131","label":"131"},{"value":"132","label":"132"},{"value":"14","label":"14"},{"value":"141","label":"141"},{"value":"142","label":"142"},{"value":"1421","label":"1421"},{"value":"1422","label":"1422"},{"value":"1423","label":"1423"},{"value":"1424","label":"1424"},{"value":"143","label":"143"},{"value":"2","label":"2"},{"value":"3","label":"3"},{"value":"31","label":"31"},{"value":"32","label":"32"},{"value":"33","label":"33"},{"value":"34","label":"34"},{"value":"35","label":"35"},{"value":"36","label":"36"},{"value":"37","label":"37"},{"value":"38","label":"38"}],"related":[],"hierarchy":null},{"__typename":"NominalDimension","cubeIri":"https://environment.ld.admin.ch/foen/ubd000502/5","id":"https://environment.ld.admin.ch/foen/ubd000502___https://environment.ld.admin.ch/foen/ubd000502/sektorid","label":"Source of emission","scaleType":"Nominal","order":3,"isNumerical":false,"isKeyDimension":true,"values":[{"value":"https://environment.ld.admin.ch/vocabulary/ghg_emission_sectors_co2_ordinance/1","label":"Switzerland’s greenhouse gas emissions","identifier":"1"},{"value":"https://environment.ld.admin.ch/vocabulary/ghg_emission_sectors_co2_ordinance/11","label":"Buildings","identifier":"11"},{"value":"https://environment.ld.admin.ch/vocabulary/ghg_emission_sectors_co2_ordinance/111","label":"Households","identifier":"111"},{"value":"https://environment.ld.admin.ch/vocabulary/ghg_emission_sectors_co2_ordinance/112","label":"Services","identifier":"112"},{"value":"https://environment.ld.admin.ch/vocabulary/ghg_emission_sectors_co2_ordinance/12","label":"Transport","identifier":"12"},{"value":"https://environment.ld.admin.ch/vocabulary/ghg_emission_sectors_co2_ordinance/121","label":"National aviation","identifier":"121"},{"value":"https://environment.ld.admin.ch/vocabulary/ghg_emission_sectors_co2_ordinance/122","label":"Other transport","identifier":"122"},{"value":"https://environment.ld.admin.ch/vocabulary/ghg_emission_sectors_co2_ordinance/123","label":"Freight transport","identifier":"123"},{"value":"https://environment.ld.admin.ch/vocabulary/ghg_emission_sectors_co2_ordinance/124","label":"Passenger transport","identifier":"124"},{"value":"https://environment.ld.admin.ch/vocabulary/ghg_emission_sectors_co2_ordinance/13","label":"Industry","identifier":"13"},{"value":"https://environment.ld.admin.ch/vocabulary/ghg_emission_sectors_co2_ordinance/131","label":"Industry (without waste incineration)","identifier":"131"},{"value":"https://environment.ld.admin.ch/vocabulary/ghg_emission_sectors_co2_ordinance/132","label":"Waste incineration","identifier":"132"},{"value":"https://environment.ld.admin.ch/vocabulary/ghg_emission_sectors_co2_ordinance/14","label":"Other","identifier":"14"},{"value":"https://environment.ld.admin.ch/vocabulary/ghg_emission_sectors_co2_ordinance/141","label":"Agriculture","identifier":"141"},{"value":"https://environment.ld.admin.ch/vocabulary/ghg_emission_sectors_co2_ordinance/142","label":"Waste","identifier":"142"},{"value":"https://environment.ld.admin.ch/vocabulary/ghg_emission_sectors_co2_ordinance/1421","label":"Solid waste disposal","identifier":"1421"},{"value":"https://environment.ld.admin.ch/vocabulary/ghg_emission_sectors_co2_ordinance/1422","label":"Wastewater treatment and discharge","identifier":"1422"},{"value":"https://environment.ld.admin.ch/vocabulary/ghg_emission_sectors_co2_ordinance/1423","label":"Biological treatment of solid waste","identifier":"1423"},{"value":"https://environment.ld.admin.ch/vocabulary/ghg_emission_sectors_co2_ordinance/1424","label":"Incineration and open burning of waste","identifier":"1424"},{"value":"https://environment.ld.admin.ch/vocabulary/ghg_emission_sectors_co2_ordinance/143","label":"Synthetic gases","identifier":"143"},{"value":"https://environment.ld.admin.ch/vocabulary/ghg_emission_sectors_co2_ordinance/2","label":"International aviation (not included in total)","identifier":"2"},{"value":"https://environment.ld.admin.ch/vocabulary/ghg_emission_sectors_co2_ordinance/3","label":"Balance of land use (not included in total)","identifier":"3"},{"value":"https://environment.ld.admin.ch/vocabulary/ghg_emission_sectors_co2_ordinance/31","label":"Forest land","identifier":"31"},{"value":"https://environment.ld.admin.ch/vocabulary/ghg_emission_sectors_co2_ordinance/32","label":"Cropland","identifier":"32"},{"value":"https://environment.ld.admin.ch/vocabulary/ghg_emission_sectors_co2_ordinance/33","label":"Grassland","identifier":"33"},{"value":"https://environment.ld.admin.ch/vocabulary/ghg_emission_sectors_co2_ordinance/34","label":"Wetlands","identifier":"34"},{"value":"https://environment.ld.admin.ch/vocabulary/ghg_emission_sectors_co2_ordinance/35","label":"Settlements","identifier":"35"},{"value":"https://environment.ld.admin.ch/vocabulary/ghg_emission_sectors_co2_ordinance/36","label":"Other land","identifier":"36"},{"value":"https://environment.ld.admin.ch/vocabulary/ghg_emission_sectors_co2_ordinance/37","label":"Harvested wood products","identifier":"37"},{"value":"https://environment.ld.admin.ch/vocabulary/ghg_emission_sectors_co2_ordinance/38","label":"Indirect N2O emissions","identifier":"38"}],"related":[],"hierarchy":[{"label":"Switzerland’s greenhouse gas emissions","value":"https://environment.ld.admin.ch/vocabulary/ghg_emission_sectors_co2_ordinance/1","children":[{"label":"Buildings","value":"https://environment.ld.admin.ch/vocabulary/ghg_emission_sectors_co2_ordinance/11","children":[{"label":"Households","value":"https://environment.ld.admin.ch/vocabulary/ghg_emission_sectors_co2_ordinance/111","children":[],"identifier":"111","depth":2,"dimensionId":"https://environment.ld.admin.ch/foen/ubd000502/sektorid","hasValue":true},{"label":"Services","value":"https://environment.ld.admin.ch/vocabulary/ghg_emission_sectors_co2_ordinance/112","children":[],"identifier":"112","depth":2,"dimensionId":"https://environment.ld.admin.ch/foen/ubd000502/sektorid","hasValue":true}],"identifier":"11","depth":1,"dimensionId":"https://environment.ld.admin.ch/foen/ubd000502/sektorid","hasValue":true},{"label":"Transport","value":"https://environment.ld.admin.ch/vocabulary/ghg_emission_sectors_co2_ordinance/12","children":[{"label":"National aviation","value":"https://environment.ld.admin.ch/vocabulary/ghg_emission_sectors_co2_ordinance/121","children":[],"identifier":"121","depth":2,"dimensionId":"https://environment.ld.admin.ch/foen/ubd000502/sektorid","hasValue":true},{"label":"Other transport","value":"https://environment.ld.admin.ch/vocabulary/ghg_emission_sectors_co2_ordinance/122","children":[],"identifier":"122","depth":2,"dimensionId":"https://environment.ld.admin.ch/foen/ubd000502/sektorid","hasValue":true},{"label":"Freight transport","value":"https://environment.ld.admin.ch/vocabulary/ghg_emission_sectors_co2_ordinance/123","children":[],"identifier":"123","depth":2,"dimensionId":"https://environment.ld.admin.ch/foen/ubd000502/sektorid","hasValue":true},{"label":"Passenger transport","value":"https://environment.ld.admin.ch/vocabulary/ghg_emission_sectors_co2_ordinance/124","children":[],"identifier":"124","depth":2,"dimensionId":"https://environment.ld.admin.ch/foen/ubd000502/sektorid","hasValue":true}],"identifier":"12","depth":1,"dimensionId":"https://environment.ld.admin.ch/foen/ubd000502/sektorid","hasValue":true},{"label":"Industry","value":"https://environment.ld.admin.ch/vocabulary/ghg_emission_sectors_co2_ordinance/13","children":[{"label":"Industry (without waste incineration)","value":"https://environment.ld.admin.ch/vocabulary/ghg_emission_sectors_co2_ordinance/131","children":[],"identifier":"131","depth":2,"dimensionId":"https://environment.ld.admin.ch/foen/ubd000502/sektorid","hasValue":true},{"label":"Waste incineration","value":"https://environment.ld.admin.ch/vocabulary/ghg_emission_sectors_co2_ordinance/132","children":[],"identifier":"132","depth":2,"dimensionId":"https://environment.ld.admin.ch/foen/ubd000502/sektorid","hasValue":true}],"identifier":"13","depth":1,"dimensionId":"https://environment.ld.admin.ch/foen/ubd000502/sektorid","hasValue":true},{"label":"Other","value":"https://environment.ld.admin.ch/vocabulary/ghg_emission_sectors_co2_ordinance/14","children":[{"label":"Agriculture","value":"https://environment.ld.admin.ch/vocabulary/ghg_emission_sectors_co2_ordinance/141","children":[],"identifier":"141","depth":2,"dimensionId":"https://environment.ld.admin.ch/foen/ubd000502/sektorid","hasValue":true},{"label":"Waste","value":"https://environment.ld.admin.ch/vocabulary/ghg_emission_sectors_co2_ordinance/142","children":[{"label":"Solid waste disposal","value":"https://environment.ld.admin.ch/vocabulary/ghg_emission_sectors_co2_ordinance/1421","children":[],"identifier":"1421","depth":3,"dimensionId":"https://environment.ld.admin.ch/foen/ubd000502/sektorid","hasValue":true},{"label":"Wastewater treatment and discharge","value":"https://environment.ld.admin.ch/vocabulary/ghg_emission_sectors_co2_ordinance/1422","children":[],"identifier":"1422","depth":3,"dimensionId":"https://environment.ld.admin.ch/foen/ubd000502/sektorid","hasValue":true},{"label":"Biological treatment of solid waste","value":"https://environment.ld.admin.ch/vocabulary/ghg_emission_sectors_co2_ordinance/1423","children":[],"identifier":"1423","depth":3,"dimensionId":"https://environment.ld.admin.ch/foen/ubd000502/sektorid","hasValue":true},{"label":"Incineration and open burning of waste","value":"https://environment.ld.admin.ch/vocabulary/ghg_emission_sectors_co2_ordinance/1424","children":[],"identifier":"1424","depth":3,"dimensionId":"https://environment.ld.admin.ch/foen/ubd000502/sektorid","hasValue":true}],"identifier":"142","depth":2,"dimensionId":"https://environment.ld.admin.ch/foen/ubd000502/sektorid","hasValue":true},{"label":"Synthetic gases","value":"https://environment.ld.admin.ch/vocabulary/ghg_emission_sectors_co2_ordinance/143","children":[],"identifier":"143","depth":2,"dimensionId":"https://environment.ld.admin.ch/foen/ubd000502/sektorid","hasValue":true}],"identifier":"14","depth":1,"dimensionId":"https://environment.ld.admin.ch/foen/ubd000502/sektorid","hasValue":true}],"identifier":"1","depth":0,"dimensionId":"https://environment.ld.admin.ch/foen/ubd000502/sektorid","hasValue":true,"hierarchyName":"Hierarchy GHG emission sectors according to the CO2 Ordinance (on BAFU Helpers)"},{"label":"International aviation (not included in total)","value":"https://environment.ld.admin.ch/vocabulary/ghg_emission_sectors_co2_ordinance/2","children":[],"identifier":"2","depth":0,"dimensionId":"https://environment.ld.admin.ch/foen/ubd000502/sektorid","hasValue":true},{"label":"Balance of land use (not included in total)","value":"https://environment.ld.admin.ch/vocabulary/ghg_emission_sectors_co2_ordinance/3","children":[{"label":"Forest land","value":"https://environment.ld.admin.ch/vocabulary/ghg_emission_sectors_co2_ordinance/31","children":[],"identifier":"31","depth":1,"dimensionId":"https://environment.ld.admin.ch/foen/ubd000502/sektorid","hasValue":true},{"label":"Cropland","value":"https://environment.ld.admin.ch/vocabulary/ghg_emission_sectors_co2_ordinance/32","children":[],"identifier":"32","depth":1,"dimensionId":"https://environment.ld.admin.ch/foen/ubd000502/sektorid","hasValue":true},{"label":"Grassland","value":"https://environment.ld.admin.ch/vocabulary/ghg_emission_sectors_co2_ordinance/33","children":[],"identifier":"33","depth":1,"dimensionId":"https://environment.ld.admin.ch/foen/ubd000502/sektorid","hasValue":true},{"label":"Wetlands","value":"https://environment.ld.admin.ch/vocabulary/ghg_emission_sectors_co2_ordinance/34","children":[],"identifier":"34","depth":1,"dimensionId":"https://environment.ld.admin.ch/foen/ubd000502/sektorid","hasValue":true},{"label":"Settlements","value":"https://environment.ld.admin.ch/vocabulary/ghg_emission_sectors_co2_ordinance/35","children":[],"identifier":"35","depth":1,"dimensionId":"https://environment.ld.admin.ch/foen/ubd000502/sektorid","hasValue":true},{"label":"Other land","value":"https://environment.ld.admin.ch/vocabulary/ghg_emission_sectors_co2_ordinance/36","children":[],"identifier":"36","depth":1,"dimensionId":"https://environment.ld.admin.ch/foen/ubd000502/sektorid","hasValue":true},{"label":"Harvested wood products","value":"https://environment.ld.admin.ch/vocabulary/ghg_emission_sectors_co2_ordinance/37","children":[],"identifier":"37","depth":1,"dimensionId":"https://environment.ld.admin.ch/foen/ubd000502/sektorid","hasValue":true},{"label":"Indirect N2O emissions","value":"https://environment.ld.admin.ch/vocabulary/ghg_emission_sectors_co2_ordinance/38","children":[],"identifier":"38","depth":1,"dimensionId":"https://environment.ld.admin.ch/foen/ubd000502/sektorid","hasValue":true}],"identifier":"3","depth":0,"dimensionId":"https://environment.ld.admin.ch/foen/ubd000502/sektorid","hasValue":true}]},{"__typename":"NominalDimension","cubeIri":"https://environment.ld.admin.ch/foen/ubd000502/5","id":"https://environment.ld.admin.ch/foen/ubd000502___https://environment.ld.admin.ch/foen/ubd000502/gas","label":"Greenhouse gas","scaleType":"Nominal","order":4,"isNumerical":false,"isKeyDimension":true,"values":[{"value":"https://ld.admin.ch/cube/dimension/pol01air/pol11","label":"Methane","alternateName":"CH4","identifier":"CH4"},{"value":"https://ld.admin.ch/cube/dimension/pol01air/pol12","label":"Nitrous oxide","alternateName":"N2O","identifier":"N2O"},{"value":"https://ld.admin.ch/cube/dimension/pol01air/pol14","label":"Sulphur hexafluoride","alternateName":"SF6","identifier":"SF6"},{"value":"https://ld.admin.ch/cube/dimension/pol01air/pol15","label":"Nitrogen trifluoride","alternateName":"NF3","identifier":"NF3"},{"value":"https://ld.admin.ch/cube/dimension/pol01air/pol16","label":"Perfluorocarbons","alternateName":"PFC","identifier":"PFC"},{"value":"https://ld.admin.ch/cube/dimension/pol01air/pol20","label":"Hydrofluorocarbons","alternateName":"HFC","identifier":"HFC"},{"value":"https://ld.admin.ch/cube/dimension/pol01air/pol9","label":"Carbon dioxide","alternateName":"CO2","identifier":"CO2"},{"value":"https://ld.admin.ch/cube/dimension/testdimension/polgroup2","label":"Synthetic gases","identifier":"SyntGases"},{"value":"https://ld.admin.ch/cube/dimension/testdimension/test1","label":"All greenhouse gas","identifier":"GHG"}],"related":[],"hierarchy":[{"label":"All greenhouse gas","value":"https://ld.admin.ch/cube/dimension/testdimension/test1","children":[{"label":"Methane","alternateName":"CH4","value":"https://ld.admin.ch/cube/dimension/pol01air/pol11","children":[],"identifier":"CH4","depth":1,"dimensionId":"https://environment.ld.admin.ch/foen/ubd000502/gas","hasValue":true},{"label":"Carbon dioxide","alternateName":"CO2","value":"https://ld.admin.ch/cube/dimension/pol01air/pol9","children":[],"identifier":"CO2","depth":1,"dimensionId":"https://environment.ld.admin.ch/foen/ubd000502/gas","hasValue":true},{"label":"Nitrous oxide","alternateName":"N2O","value":"https://ld.admin.ch/cube/dimension/pol01air/pol12","children":[],"identifier":"N2O","depth":1,"dimensionId":"https://environment.ld.admin.ch/foen/ubd000502/gas","hasValue":true},{"label":"Synthetic gases","value":"https://ld.admin.ch/cube/dimension/testdimension/polgroup2","children":[{"label":"Hydrofluorocarbons","alternateName":"HFC","value":"https://ld.admin.ch/cube/dimension/pol01air/pol20","children":[],"identifier":"HFC","depth":2,"dimensionId":"https://environment.ld.admin.ch/foen/ubd000502/gas","hasValue":true},{"label":"Nitrogen trifluoride","alternateName":"NF3","value":"https://ld.admin.ch/cube/dimension/pol01air/pol15","children":[],"identifier":"NF3","depth":2,"dimensionId":"https://environment.ld.admin.ch/foen/ubd000502/gas","hasValue":true},{"label":"Perfluorocarbons","alternateName":"PFC","value":"https://ld.admin.ch/cube/dimension/pol01air/pol16","children":[],"identifier":"PFC","depth":2,"dimensionId":"https://environment.ld.admin.ch/foen/ubd000502/gas","hasValue":true},{"label":"Sulphur hexafluoride","alternateName":"SF6","value":"https://ld.admin.ch/cube/dimension/pol01air/pol14","children":[],"identifier":"SF6","depth":2,"dimensionId":"https://environment.ld.admin.ch/foen/ubd000502/gas","hasValue":true}],"identifier":"SyntGases","depth":1,"dimensionId":"https://environment.ld.admin.ch/foen/ubd000502/gas","hasValue":true}],"identifier":"GHG","depth":0,"dimensionId":"https://environment.ld.admin.ch/foen/ubd000502/gas","hasValue":true,"hierarchyName":"Pollutant groups - pollutants"}]}],"measures":[{"__typename":"NumericalMeasure","isCurrency":false,"isDecimal":true,"cubeIri":"https://environment.ld.admin.ch/foen/ubd000502/5","id":"https://environment.ld.admin.ch/foen/ubd000502___https://environment.ld.admin.ch/foen/ubd000502/werte","label":"Emissions in CO₂ equivalents","unit":"Mt","scaleType":"Ratio","dataType":"http://www.w3.org/2001/XMLSchema#decimal","order":5,"isNumerical":true,"isKeyDimension":false,"values":[{"value":-6.759,"label":"-6.759"},{"value":56.914,"label":"56.914"}],"related":[]},{"__typename":"NumericalMeasure","isCurrency":false,"isDecimal":true,"cubeIri":"https://environment.ld.admin.ch/foen/ubd000502/5","id":"https://environment.ld.admin.ch/foen/ubd000502___https://environment.ld.admin.ch/foen/ubd000502/werteNichtGerundet","label":"Not rounded value","description":"Not rounded calculation value, for example for summation (the number of decimal places exceeds the actual exactness).","unit":"Mt","scaleType":"Ratio","dataType":"http://www.w3.org/2001/XMLSchema#decimal","order":6,"isNumerical":true,"isKeyDimension":false,"values":[{"value":-6.75906620427161,"label":"-6.75906620427161"},{"value":56.9138372894525,"label":"56.9138372894525"}],"related":[]}]}}}
