{"data":{"dataCubeComponents":{"dimensions":[{"__typename":"TemporalDimension","timeFormat":"%Y","timeUnit":"Year","cubeIri":"https://energy.ld.admin.ch/sfoe/bfe_ogd84_einmalverguetung_fuer_photovoltaikanlagen/10","id":"https://energy.ld.admin.ch/sfoe/bfe_ogd84_einmalverguetung_fuer_photovoltaikanlagen___https://energy.ld.admin.ch/sfoe/bfe_ogd84_einmalverguetung_fuer_photovoltaikanlagen/Jahr","label":"Jahr der Vergütung","description":"Jahr, in welchem die EIV ausbezahlt wurde","unit":"a","scaleType":"Interval","dataType":"http://www.w3.org/2001/XMLSchema#gYear","order":1,"isNumerical":false,"isKeyDimension":true,"values":[],"related":[],"hierarchy":null},{"__typename":"GeoShapesDimension","cubeIri":"https://energy.ld.admin.ch/sfoe/bfe_ogd84_einmalverguetung_fuer_photovoltaikanlagen/10","id":"https://energy.ld.admin.ch/sfoe/bfe_ogd84_einmalverguetung_fuer_photovoltaikanlagen___https://energy.ld.admin.ch/sfoe/bfe_ogd84_einmalverguetung_fuer_photovoltaikanlagen/Kanton","label":"Kanton","description":"Kanton, in welchem die geförderten Anlagen stehen","scaleType":"Nominal","order":2,"isNumerical":false,"isKeyDimension":true,"values":[],"related":[],"hierarchy":null}],"measures":[{"__typename":"NumericalMeasure","isCurrency":false,"isDecimal":false,"resolution":0,"cubeIri":"https://energy.ld.admin.ch/sfoe/bfe_ogd84_einmalverguetung_fuer_photovoltaikanlagen/10","id":"https://energy.ld.admin.ch/sfoe/bfe_ogd84_einmalverguetung_fuer_photovoltaikanlagen___https://energy.ld.admin.ch/sfoe/bfe_ogd84_einmalverguetung_fuer_photovoltaikanlagen/AnzahlAnlagen","label":"Anzahl geförderter EIV-Anlagen","description":"Anzahl geförderter EIV-Anlagen","unit":"#","scaleType":"Ratio","dataType":"http://www.w3.org/2001/XMLSchema#integer","order":3,"isNumerical":true,"isKeyDimension":false,"values":[],"related":[]},{"__typename":"NumericalMeasure","isCurrency":false,"isDecimal":true,"cubeIri":"https://energy.ld.admin.ch/sfoe/bfe_ogd84_einmalverguetung_fuer_photovoltaikanlagen/10","id":"https://energy.ld.admin.ch/sfoe/bfe_ogd84_einmalverguetung_fuer_photovoltaikanlagen___https://energy.ld.admin.ch/sfoe/bfe_ogd84_einmalverguetung_fuer_photovoltaikanlagen/InstallierteLeistungkW","label":"Leistung in kW","description":"Installierte Leistung der EIV-Anlagen in kW","unit":"kW","scaleType":"Ratio","dataType":"http://www.w3.org/2001/XMLSchema#decimal","order":4,"isNumerical":true,"isKeyDimension":false,"values":[],"related":[]},{"__typename":"NumericalMeasure","isCurrency":true,"isDecimal":true,"currencyExponent":2,"cubeIri":"https://energy.ld.admin.ch/sfoe/bfe_ogd84_einmalverguetung_fuer_photovoltaikanlagen/10","id":"https://energy.ld.admin.ch/sfoe/bfe_ogd84_einmalverguetung_fuer_photovoltaikanlagen___https://energy.ld.admin.ch/sfoe/bfe_ogd84_einmalverguetung_fuer_photovoltaikanlagen/VerguetungCHF","label":"EIV-Gesamtvergütung in CHF","description":"EIV-Gesamtvergütung in CHF","unit":"CHF","scaleType":"Ratio","dataType":"http://www.w3.org/2001/XMLSchema#decimal","order":5,"isNumerical":true,"isKeyDimension":false,"values":[],"related":[]},{"__typename":"NumericalMeasure","isCurrency":false,"isDecimal":false,"resolution":0,"cubeIri":"https://energy.ld.admin.ch/sfoe/bfe_ogd84_einmalverguetung_fuer_photovoltaikanlagen/10","id":"https://energy.ld.admin.ch/sfoe/bfe_ogd84_einmalverguetung_fuer_photovoltaikanlagen___https://energy.ld.admin.ch/sfoe/bfe_ogd84_einmalverguetung_fuer_photovoltaikanlagen/AnzahlAnlagenPro100000Einwohner","label":"Anzahl geförderter EIV-Anlagen pro 100000 Einwohner","description":"Anzahl geförderter EIV-Anlagen pro 100000 Einwohner","scaleType":"Interval","dataType":"http://www.w3.org/2001/XMLSchema#integer","order":6,"isNumerical":true,"isKeyDimension":false,"values":[],"related":[]},{"__typename":"NumericalMeasure","isCurrency":false,"isDecimal":false,"resolution":0,"cubeIri":"https://energy.ld.admin.ch/sfoe/bfe_ogd84_einmalverguetung_fuer_photovoltaikanlagen/10","id":"https://energy.ld.admin.ch/sfoe/bfe_ogd84_einmalverguetung_fuer_photovoltaikanlagen___https://energy.ld.admin.ch/sfoe/bfe_ogd84_einmalverguetung_fuer_photovoltaikanlagen/InstallierteLeistungkWPro100000Einwohner","label":"Leistung in kW pro 100000 Einwohner","description":"Installierte Leistung der EIV-Anlagen in kW pro 100000 Einwohner","scaleType":"Interval","dataType":"http://www.w3.org/2001/XMLSchema#integer","order":7,"isNumerical":true,"isKeyDimension":false,"values":[],"related":[]}]}}}
