{"query":"query PossibleFilters($sourceType: String!, $sourceUrl: String!, $cubeFilter: DataCubePossibleFiltersCubeFilter!) {\n  possibleFilters(\n    sourceType: $sourceType\n    sourceUrl: $sourceUrl\n    cubeFilter: $cubeFilter\n  ) {\n    iri\n    type\n    value\n    __typename\n  }\n}\n","operationName":"PossibleFilters","variables":{"sourceType":"sparql","sourceUrl":"https://lindas-cached.cluster.ldbar.ch/query","cubeFilter":{"iri":"https://energy.ld.admin.ch/sfoe/bfe_ogd84_einmalverguetung_fuer_photovoltaikanlagen/10","filters":{"https://energy.ld.admin.ch/sfoe/bfe_ogd84_einmalverguetung_fuer_photovoltaikanlagen___https://energy.ld.admin.ch/sfoe/bfe_ogd84_einmalverguetung_fuer_photovoltaikanlagen/Jahr":{"type":"single","value":"2014"}}},"filterKey":"https://energy.ld.admin.ch/sfoe/bfe_ogd84_einmalverguetung_fuer_photovoltaikanlagen___https://energy.ld.admin.ch/sfoe/bfe_ogd84_einmalverguetung_fuer_photovoltaikanlagen/Jahr"}}