{"query":"query DataCubeObservations($sourceType: String!, $sourceUrl: String!, $locale: String!, $cubeFilter: DataCubeObservationFilter!) {\n  dataCubeObservations(\n    sourceType: $sourceType\n    sourceUrl: $sourceUrl\n    locale: $locale\n    cubeFilter: $cubeFilter\n  )\n}\n","operationName":"DataCubeObservations","variables":{"locale":"en","sourceType":"sparql","sourceUrl":"https://lindas-cached.cluster.ldbar.ch/query","cubeFilter":{"iri":"https://energy.ld.admin.ch/sfoe/bfe_ogd84_einmalverguetung_fuer_photovoltaikanlagen/10","filters":{"https://energy.ld.admin.ch/sfoe/bfe_ogd84_einmalverguetung_fuer_photovoltaikanlagen___https://energy.ld.admin.ch/sfoe/bfe_ogd84_einmalverguetung_fuer_photovoltaikanlagen/Jahr":{"type":"range","from":"2014","to":"2023"}}}}}