{"query":"query DataCubeMetadata($sourceType: String!, $sourceUrl: String!, $locale: String!, $cubeFilter: DataCubeMetadataFilter!) {\n  dataCubeMetadata(\n    sourceType: $sourceType\n    sourceUrl: $sourceUrl\n    locale: $locale\n    cubeFilter: $cubeFilter\n  )\n}\n","operationName":"DataCubeMetadata","variables":{"locale":"en","sourceType":"sparql","sourceUrl":"https://lindas-cached.cluster.ldbar.ch/query","cubeFilter":{"iri":"https://energy.ld.admin.ch/sfoe/bfe_ogd84_einmalverguetung_fuer_photovoltaikanlagen/10"}}}